Human Emotions,Emotion Value from the Video
Angry,8.249999999999988
Disgust,0.0
Fear,17.04000000000004
Happy,43.76000000000001
Sad,10.299999999999986
Surprise,4.319999999999996
Neutral,31.24
